run,nf1,k1,p1,nf2,k2,p2,f1_score,val_loss,val_accuracy,bn1,dropout1,bn2,dropout2,bn3
2,16,"(2, 2)","(2, 2)",8,"(2, 2)","(2, 2)",0.99359,0.04016,0.98632,0,0.397,0,0.384,0
3,16,"(2, 2)","(2, 2)",8,"(5, 5)","(2, 2)",0.99359,0.21352,0.93512,0,0.239,1,0.081,0
4,16,"(2, 2)","(2, 2)",8,"(8, 8)","(2, 2)",0.99817,0.03329,0.99088,0,0.344,0,0.133,0
5,16,"(5, 5)","(2, 2)",8,"(2, 2)","(2, 2)",0.99634,0.02697,0.98885,0,0.2,0,0.477,0
6,16,"(5, 5)","(2, 2)",8,"(5, 5)","(2, 2)",0.99451,0.34941,0.90978,0,0.404,0,0.002,0
7,16,"(5, 5)","(2, 2)",8,"(8, 8)","(2, 2)",0.99267,1.22788,0.73543,1,0.363,0,0.361,1
8,16,"(8, 8)","(2, 2)",8,"(2, 2)","(2, 2)",0.98993,0.07768,0.98277,0,0.193,0,0.293,1
9,16,"(8, 8)","(2, 2)",8,"(5, 5)","(2, 2)",0.99359,0.52918,0.88393,1,0.009,0,0.173,1
10,16,"(8, 8)","(2, 2)",8,"(8, 8)","(2, 2)",0.99542,0.03157,0.99088,0,0.134,1,0.16,1
11,24,"(2, 2)","(2, 2)",12,"(2, 2)","(2, 2)",0.99908,0.04243,0.9853,1,0.281,0,0.15,0
12,24,"(2, 2)","(2, 2)",12,"(5, 5)","(2, 2)",0.99542,0.03211,0.98885,1,0.455,1,0.334,1
13,24,"(2, 2)","(2, 2)",12,"(8, 8)","(2, 2)",0.99725,0.08075,0.96908,1,0.241,1,0.212,0
14,24,"(5, 5)","(2, 2)",12,"(2, 2)","(2, 2)",0.99817,0.02971,0.99189,0,0.312,0,0.016,0
15,24,"(5, 5)","(2, 2)",12,"(5, 5)","(2, 2)",0.98993,0.03553,0.98834,0,0.412,1,0.298,1
16,24,"(5, 5)","(2, 2)",12,"(8, 8)","(2, 2)",0.99725,0.04046,0.9853,1,0.175,0,0.212,0
17,24,"(8, 8)","(2, 2)",12,"(2, 2)","(2, 2)",0.99359,0.07529,0.9701,0,0.382,1,0.396,1
18,24,"(8, 8)","(2, 2)",12,"(5, 5)","(2, 2)",0.97892,0.06604,0.97871,1,0.427,1,0.361,0
19,24,"(8, 8)","(2, 2)",12,"(8, 8)","(2, 2)",0.99634,0.03027,0.99189,0,0.342,1,0.332,1
20,32,"(2, 2)","(2, 2)",16,"(2, 2)","(2, 2)",0.99542,0.02579,0.98986,0,0.34,0,0.463,0
21,32,"(2, 2)","(2, 2)",16,"(5, 5)","(2, 2)",0.99086,0.05313,0.98479,0,0.053,0,0.237,1
22,32,"(2, 2)","(2, 2)",16,"(8, 8)","(2, 2)",0.95044,0.22475,0.89407,0,0.488,1,0.493,0
23,32,"(5, 5)","(2, 2)",16,"(2, 2)","(2, 2)",0.99817,0.01408,0.99442,0,0.008,0,0.076,1
24,32,"(5, 5)","(2, 2)",16,"(5, 5)","(2, 2)",0.99271,0.04683,0.97973,1,0.372,0,0.142,0
25,32,"(5, 5)","(2, 2)",16,"(8, 8)","(2, 2)",0.92575,0.16284,0.94374,1,0.005,1,0.148,1
26,32,"(8, 8)","(2, 2)",16,"(2, 2)","(2, 2)",0.99817,0.00547,0.99797,0,0.142,1,0.115,1
27,32,"(8, 8)","(2, 2)",16,"(5, 5)","(2, 2)",0.93631,1.34853,0.69285,1,0.397,1,0.277,0
28,32,"(8, 8)","(2, 2)",16,"(8, 8)","(2, 2)",0.99634,0.12929,0.95895,1,0.204,1,0.23,0
29,48,"(2, 2)","(2, 2)",24,"(2, 2)","(2, 2)",0.99908,0.03234,0.9924,1,0.309,0,0.461,1
30,48,"(2, 2)","(2, 2)",24,"(5, 5)","(2, 2)",0.99634,0.02499,0.9924,1,0.13,0,0.269,0
31,48,"(2, 2)","(2, 2)",24,"(8, 8)","(2, 2)",0.95138,0.19714,0.92093,0,0.109,1,0.176,0
32,48,"(5, 5)","(2, 2)",24,"(2, 2)","(2, 2)",0.98076,0.53907,0.86214,1,0.292,1,0.278,1
33,48,"(5, 5)","(2, 2)",24,"(5, 5)","(2, 2)",0.99359,0.02552,0.98885,0,0.485,0,0.149,0
34,48,"(5, 5)","(2, 2)",24,"(8, 8)","(2, 2)",0.83924,0.52509,0.86974,1,0.094,1,0.3,0
35,48,"(8, 8)","(2, 2)",24,"(2, 2)","(2, 2)",0.99725,0.02573,0.99088,1,0.313,1,0.266,1
36,48,"(8, 8)","(2, 2)",24,"(5, 5)","(2, 2)",0.99542,0.04075,0.98885,0,0.049,0,0.341,1
37,48,"(8, 8)","(2, 2)",24,"(8, 8)","(2, 2)",0.99179,0.12429,0.95388,1,0.077,1,0.479,1
38,64,"(2, 2)","(2, 2)",32,"(2, 2)","(2, 2)",0.99176,0.11636,0.96249,0,0.039,1,0.32,0
39,64,"(2, 2)","(2, 2)",32,"(5, 5)","(2, 2)",0.9881,0.03329,0.99037,0,0.287,0,0.451,0
40,64,"(2, 2)","(2, 2)",32,"(8, 8)","(2, 2)",0.99176,0.0591,0.98277,0,0.265,1,0.145,0
41,64,"(5, 5)","(2, 2)",32,"(2, 2)","(2, 2)",0.99908,0.03475,0.9924,0,0.273,0,0.016,0
42,64,"(5, 5)","(2, 2)",32,"(5, 5)","(2, 2)",0.99817,0.00639,0.99747,0,0.156,0,0.407,0
43,64,"(5, 5)","(2, 2)",32,"(8, 8)","(2, 2)",0.98625,0.07193,0.97466,0,0.052,1,0.491,0
44,64,"(8, 8)","(2, 2)",32,"(2, 2)","(2, 2)",0.97068,0.46457,0.82261,1,0.286,1,0.255,1
45,64,"(8, 8)","(2, 2)",32,"(5, 5)","(2, 2)",0.99725,0.02144,0.9929,1,0.417,0,0.483,0
46,64,"(8, 8)","(2, 2)",32,"(8, 8)","(2, 2)",1.0,0.00729,0.99696,0,0.152,1,0.103,0
47,16,"(2, 2)","(2, 2)",8,"(2, 2)","(3, 3)",0.99177,0.06235,0.97314,0,0.284,0,0.008,1
48,16,"(2, 2)","(2, 2)",8,"(5, 5)","(3, 3)",0.98351,0.04528,0.98632,0,0.388,1,0.449,0
49,16,"(2, 2)","(2, 2)",8,"(8, 8)","(3, 3)",0.98168,0.10565,0.95641,1,0.373,0,0.311,0
50,16,"(5, 5)","(2, 2)",8,"(2, 2)","(3, 3)",0.99176,0.01969,0.99544,1,0.344,0,0.457,0
51,16,"(5, 5)","(2, 2)",8,"(5, 5)","(3, 3)",0.99725,0.01078,0.99595,0,0.243,1,0.161,0
52,16,"(5, 5)","(2, 2)",8,"(8, 8)","(3, 3)",0.97527,0.20928,0.90826,0,0.461,1,0.005,0
53,16,"(8, 8)","(2, 2)",8,"(2, 2)","(3, 3)",0.99451,0.10042,0.96706,1,0.234,0,0.293,1
54,16,"(8, 8)","(2, 2)",8,"(5, 5)","(3, 3)",0.98717,0.84211,0.79676,1,0.377,1,0.184,0
55,16,"(8, 8)","(2, 2)",8,"(8, 8)","(3, 3)",0.99451,0.09987,0.96553,0,0.181,1,0.31,0
56,24,"(2, 2)","(2, 2)",12,"(2, 2)","(3, 3)",0.99725,0.03139,0.98885,0,0.221,0,0.019,0
57,24,"(2, 2)","(2, 2)",12,"(5, 5)","(3, 3)",0.96154,0.12468,0.95692,0,0.138,1,0.489,1
58,24,"(2, 2)","(2, 2)",12,"(8, 8)","(3, 3)",0.99267,0.28088,0.88039,1,0.441,1,0.109,0
59,24,"(5, 5)","(2, 2)",12,"(2, 2)","(3, 3)",0.99725,0.46751,0.90725,1,0.495,0,0.224,0
60,24,"(5, 5)","(2, 2)",12,"(5, 5)","(3, 3)",0.99084,0.11913,0.96097,1,0.195,0,0.372,1
61,24,"(5, 5)","(2, 2)",12,"(8, 8)","(3, 3)",0.99725,0.01063,0.99696,0,0.05,0,0.236,1
62,24,"(8, 8)","(2, 2)",12,"(2, 2)","(3, 3)",0.99176,0.02894,0.99392,1,0.333,1,0.433,0
63,24,"(8, 8)","(2, 2)",12,"(5, 5)","(3, 3)",0.98443,0.21039,0.94729,1,0.034,0,0.352,1
64,24,"(8, 8)","(2, 2)",12,"(8, 8)","(3, 3)",0.99267,0.05289,0.98479,0,0.313,0,0.142,1
65,32,"(2, 2)","(2, 2)",16,"(2, 2)","(3, 3)",0.99178,0.05098,0.98429,1,0.205,1,0.082,0
66,32,"(2, 2)","(2, 2)",16,"(5, 5)","(3, 3)",0.99817,0.11011,0.95641,1,0.267,1,0.195,0
67,32,"(2, 2)","(2, 2)",16,"(8, 8)","(3, 3)",0.96422,6.95412,0.33401,1,0.285,1,0.5,0
68,32,"(5, 5)","(2, 2)",16,"(2, 2)","(3, 3)",0.99084,2.61721,0.67968,1,0.342,1,0.276,0
69,32,"(5, 5)","(2, 2)",16,"(5, 5)","(3, 3)",0.96606,2.42619,0.64217,1,0.341,1,0.372,1
70,32,"(5, 5)","(2, 2)",16,"(8, 8)","(3, 3)",0.99451,0.08007,0.97162,1,0.409,1,0.404,0
71,32,"(8, 8)","(2, 2)",16,"(2, 2)","(3, 3)",0.98534,0.06498,0.97314,1,0.458,1,0.165,1
72,32,"(8, 8)","(2, 2)",16,"(5, 5)","(3, 3)",0.99725,0.0333,0.98632,0,0.109,1,0.108,1
73,32,"(8, 8)","(2, 2)",16,"(8, 8)","(3, 3)",0.97898,0.0715,0.97212,0,0.447,1,0.038,1
74,48,"(2, 2)","(2, 2)",24,"(2, 2)","(3, 3)",0.98261,0.07413,0.97719,0,0.338,1,0.462,1
75,48,"(2, 2)","(2, 2)",24,"(5, 5)","(3, 3)",0.98718,0.07406,0.98074,0,0.481,0,0.442,0
76,48,"(2, 2)","(2, 2)",24,"(8, 8)","(3, 3)",0.99725,0.04048,0.98784,0,0.072,0,0.111,1
77,48,"(5, 5)","(2, 2)",24,"(2, 2)","(3, 3)",0.98626,0.23731,0.91688,1,0.169,0,0.257,1
78,48,"(5, 5)","(2, 2)",24,"(5, 5)","(3, 3)",0.99359,1.82738,0.67309,1,0.398,0,0.205,1
79,48,"(5, 5)","(2, 2)",24,"(8, 8)","(3, 3)",0.94866,0.16631,0.94425,0,0.12,0,0.46,1
80,48,"(8, 8)","(2, 2)",24,"(2, 2)","(3, 3)",0.98901,0.7914,0.68677,1,0.106,1,0.171,1
81,48,"(8, 8)","(2, 2)",24,"(5, 5)","(3, 3)",0.99359,0.02893,0.98885,0,0.082,1,0.439,0
82,48,"(8, 8)","(2, 2)",24,"(8, 8)","(3, 3)",0.99817,0.31412,0.88697,1,0.35,1,0.306,1
83,64,"(2, 2)","(2, 2)",32,"(2, 2)","(3, 3)",0.99084,0.07765,0.97466,0,0.173,1,0.33,0
84,64,"(2, 2)","(2, 2)",32,"(5, 5)","(3, 3)",0.94873,1.10788,0.73746,1,0.427,0,0.384,1
85,64,"(2, 2)","(2, 2)",32,"(8, 8)","(3, 3)",0.99908,0.03338,0.98784,1,0.291,1,0.044,1
86,64,"(5, 5)","(2, 2)",32,"(2, 2)","(3, 3)",0.97156,0.25763,0.9108,1,0.3,1,0.182,0
87,64,"(5, 5)","(2, 2)",32,"(5, 5)","(3, 3)",0.99817,0.03956,0.98479,0,0.229,1,0.046,1
88,64,"(5, 5)","(2, 2)",32,"(8, 8)","(3, 3)",0.97618,0.51844,0.85555,0,0.43,0,0.155,1
89,64,"(8, 8)","(2, 2)",32,"(2, 2)","(3, 3)",0.99908,0.01588,0.99645,0,0.256,1,0.302,0
90,64,"(8, 8)","(2, 2)",32,"(5, 5)","(3, 3)",0.97799,1.26187,0.79422,1,0.301,0,0.293,1
91,64,"(8, 8)","(2, 2)",32,"(8, 8)","(3, 3)",0.99542,0.01735,0.99696,1,0.454,1,0.003,0
92,16,"(2, 2)","(2, 2)",8,"(2, 2)","(4, 4)",0.97802,0.11574,0.96047,0,0.429,0,0.105,0
93,16,"(2, 2)","(2, 2)",8,"(5, 5)","(4, 4)",0.96975,0.16565,0.93512,0,0.217,1,0.226,0
94,16,"(2, 2)","(2, 2)",8,"(8, 8)","(4, 4)",0.98168,0.08668,0.97111,1,0.279,0,0.458,1
95,16,"(5, 5)","(2, 2)",8,"(2, 2)","(4, 4)",0.97068,0.0777,0.97364,1,0.164,1,0.404,0
96,16,"(5, 5)","(2, 2)",8,"(5, 5)","(4, 4)",0.97985,0.11952,0.96249,0,0.208,0,0.115,1
97,16,"(5, 5)","(2, 2)",8,"(8, 8)","(4, 4)",0.99359,0.27499,0.94577,1,0.006,0,0.324,1
98,16,"(8, 8)","(2, 2)",8,"(2, 2)","(4, 4)",0.9881,0.04414,0.98074,0,0.498,0,0.058,1
99,16,"(8, 8)","(2, 2)",8,"(5, 5)","(4, 4)",0.96149,2.89369,0.56209,1,0.443,1,0.153,0
100,16,"(8, 8)","(2, 2)",8,"(8, 8)","(4, 4)",0.9199,0.33949,0.87228,1,0.377,1,0.287,1
101,24,"(2, 2)","(2, 2)",12,"(2, 2)","(4, 4)",0.97802,0.13979,0.95084,1,0.226,0,0.314,1
102,24,"(2, 2)","(2, 2)",12,"(5, 5)","(4, 4)",0.97893,0.14079,0.94425,0,0.311,1,0.113,1
103,24,"(2, 2)","(2, 2)",12,"(8, 8)","(4, 4)",0.95882,0.89331,0.7258,0,0.115,1,0.49,1
104,24,"(5, 5)","(2, 2)",12,"(2, 2)","(4, 4)",0.98901,0.04527,0.98226,1,0.266,0,0.367,1
105,24,"(5, 5)","(2, 2)",12,"(5, 5)","(4, 4)",0.95773,0.12804,0.93918,1,0.282,1,0.059,1
106,24,"(5, 5)","(2, 2)",12,"(8, 8)","(4, 4)",0.96973,0.11201,0.94627,1,0.295,1,0.317,0
107,24,"(8, 8)","(2, 2)",12,"(2, 2)","(4, 4)",0.99451,0.02816,0.98784,1,0.086,0,0.112,0
108,24,"(8, 8)","(2, 2)",12,"(5, 5)","(4, 4)",0.99359,0.05686,0.97871,0,0.467,1,0.358,1
109,24,"(8, 8)","(2, 2)",12,"(8, 8)","(4, 4)",0.97433,0.18868,0.92803,1,0.231,0,0.467,0
110,32,"(2, 2)","(2, 2)",16,"(2, 2)","(4, 4)",0.98172,0.07507,0.97516,0,0.138,0,0.49,1
111,32,"(2, 2)","(2, 2)",16,"(5, 5)","(4, 4)",0.98076,0.40259,0.85859,1,0.215,0,0.086,1
112,32,"(2, 2)","(2, 2)",16,"(8, 8)","(4, 4)",0.99451,0.03909,0.98733,1,0.003,0,0.07,0
113,32,"(5, 5)","(2, 2)",16,"(2, 2)","(4, 4)",0.98993,0.07128,0.97567,0,0.359,1,0.086,0
114,32,"(5, 5)","(2, 2)",16,"(5, 5)","(4, 4)",0.97984,0.09316,0.96047,0,0.186,1,0.195,1
115,32,"(5, 5)","(2, 2)",16,"(8, 8)","(4, 4)",0.98809,0.39406,0.86214,1,0.283,0,0.097,1
116,32,"(8, 8)","(2, 2)",16,"(2, 2)","(4, 4)",0.99084,0.04426,0.98327,0,0.189,1,0.081,0
117,32,"(8, 8)","(2, 2)",16,"(5, 5)","(4, 4)",0.98718,0.04225,0.98429,0,0.371,1,0.463,0
118,32,"(8, 8)","(2, 2)",16,"(8, 8)","(4, 4)",0.98993,0.03835,0.98784,1,0.287,1,0.336,0
119,48,"(2, 2)","(2, 2)",24,"(2, 2)","(4, 4)",0.98625,0.06619,0.97821,1,0.197,0,0.095,0
120,48,"(2, 2)","(2, 2)",24,"(5, 5)","(4, 4)",0.9881,0.05909,0.9777,1,0.302,1,0.182,1
121,48,"(2, 2)","(2, 2)",24,"(8, 8)","(4, 4)",0.97435,0.18364,0.91941,0,0.424,1,0.211,0
122,48,"(5, 5)","(2, 2)",24,"(2, 2)","(4, 4)",0.99267,0.04253,0.98936,0,0.227,1,0.183,1
123,48,"(5, 5)","(2, 2)",24,"(5, 5)","(4, 4)",0.99267,0.59083,0.83426,1,0.377,1,0.173,1
124,48,"(5, 5)","(2, 2)",24,"(8, 8)","(4, 4)",0.9512,0.9385,0.8444,1,0.21,0,0.419,0
125,48,"(8, 8)","(2, 2)",24,"(2, 2)","(4, 4)",0.99268,0.07851,0.97669,0,0.467,0,0.418,0
126,48,"(8, 8)","(2, 2)",24,"(5, 5)","(4, 4)",0.99725,0.01708,0.9924,1,0.341,1,0.187,0
127,48,"(8, 8)","(2, 2)",24,"(8, 8)","(4, 4)",0.99725,0.10427,0.95996,1,0.469,1,0.203,1
128,64,"(2, 2)","(2, 2)",32,"(2, 2)","(4, 4)",0.97255,0.2721,0.88495,0,0.46,1,0.221,0
129,64,"(2, 2)","(2, 2)",32,"(5, 5)","(4, 4)",0.98718,0.04327,0.9853,0,0.442,0,0.394,1
130,64,"(2, 2)","(2, 2)",32,"(8, 8)","(4, 4)",0.99451,0.03326,0.99138,1,0.324,1,0.127,0
131,64,"(5, 5)","(2, 2)",32,"(2, 2)","(4, 4)",0.97438,3.07341,0.34921,1,0.479,1,0.033,1
132,64,"(5, 5)","(2, 2)",32,"(5, 5)","(4, 4)",0.95121,0.46354,0.8515,1,0.005,1,0.018,1
133,64,"(5, 5)","(2, 2)",32,"(8, 8)","(4, 4)",0.95365,0.22175,0.90674,1,0.418,0,0.483,0
134,64,"(8, 8)","(2, 2)",32,"(2, 2)","(4, 4)",0.99634,0.02454,0.99341,0,0.436,0,0.174,0
135,64,"(8, 8)","(2, 2)",32,"(5, 5)","(4, 4)",0.98901,0.08387,0.97111,0,0.407,1,0.159,0
136,64,"(8, 8)","(2, 2)",32,"(8, 8)","(4, 4)",0.99725,0.05429,0.97871,0,0.124,0,0.129,0
137,16,"(2, 2)","(2, 2)",8,"(2, 2)","(5, 5)",0.95969,0.09751,0.96908,1,0.044,0,0.456,1
138,16,"(2, 2)","(2, 2)",8,"(5, 5)","(5, 5)",0.98265,0.10623,0.96351,0,0.157,0,0.231,1
139,16,"(2, 2)","(2, 2)",8,"(8, 8)","(5, 5)",0.98262,0.08565,0.97212,0,0.139,1,0.074,0
140,16,"(5, 5)","(2, 2)",8,"(2, 2)","(5, 5)",0.98352,0.07296,0.97111,0,0.09,0,0.322,1
141,16,"(5, 5)","(2, 2)",8,"(5, 5)","(5, 5)",0.97985,0.09064,0.96807,1,0.072,0,0.061,0
142,16,"(5, 5)","(2, 2)",8,"(8, 8)","(5, 5)",0.95235,0.16133,0.93969,1,0.17,0,0.023,0
143,16,"(8, 8)","(2, 2)",8,"(2, 2)","(5, 5)",0.98177,0.22666,0.90775,1,0.212,0,0.275,1
144,16,"(8, 8)","(2, 2)",8,"(5, 5)","(5, 5)",0.98901,0.56254,0.79067,1,0.358,0,0.026,0
145,16,"(8, 8)","(2, 2)",8,"(8, 8)","(5, 5)",0.99634,0.04683,0.98986,0,0.421,0,0.487,0
146,24,"(2, 2)","(2, 2)",12,"(2, 2)","(5, 5)",0.891,0.37095,0.85403,0,0.117,1,0.431,1
147,24,"(2, 2)","(2, 2)",12,"(5, 5)","(5, 5)",0.97707,0.0731,0.97466,0,0.133,1,0.074,0
148,24,"(2, 2)","(2, 2)",12,"(8, 8)","(5, 5)",0.99267,0.96118,0.75773,1,0.131,1,0.281,0
149,24,"(5, 5)","(2, 2)",12,"(2, 2)","(5, 5)",0.98717,0.05818,0.97821,1,0.199,0,0.047,0
150,24,"(5, 5)","(2, 2)",12,"(5, 5)","(5, 5)",0.99359,0.08885,0.97618,0,0.133,1,0.414,0
151,24,"(5, 5)","(2, 2)",12,"(8, 8)","(5, 5)",0.99267,0.0522,0.98125,0,0.346,1,0.012,1
152,24,"(8, 8)","(2, 2)",12,"(2, 2)","(5, 5)",0.9826,0.12637,0.95641,0,0.4,1,0.27,1
153,24,"(8, 8)","(2, 2)",12,"(5, 5)","(5, 5)",0.94567,1.03861,0.67613,1,0.31,1,0.427,1
154,24,"(8, 8)","(2, 2)",12,"(8, 8)","(5, 5)",0.99542,1.35278,0.72631,1,0.152,0,0.386,0
155,32,"(2, 2)","(2, 2)",16,"(2, 2)","(5, 5)",0.97455,0.11086,0.963,1,0.0,1,0.331,0
156,32,"(2, 2)","(2, 2)",16,"(5, 5)","(5, 5)",0.97618,0.05015,0.98733,0,0.342,1,0.081,0
157,32,"(2, 2)","(2, 2)",16,"(8, 8)","(5, 5)",0.94952,0.20681,0.93259,1,0.361,0,0.28,1
158,32,"(5, 5)","(2, 2)",16,"(2, 2)","(5, 5)",0.96595,0.34488,0.89255,1,0.29,1,0.223,1
159,32,"(5, 5)","(2, 2)",16,"(5, 5)","(5, 5)",0.98078,0.11694,0.95895,1,0.113,1,0.181,0
160,32,"(5, 5)","(2, 2)",16,"(8, 8)","(5, 5)",0.98168,1.01811,0.57679,1,0.122,1,0.044,1
161,32,"(8, 8)","(2, 2)",16,"(2, 2)","(5, 5)",0.99634,0.03493,0.98784,0,0.311,1,0.046,1
162,32,"(8, 8)","(2, 2)",16,"(5, 5)","(5, 5)",0.99634,0.02046,0.9924,0,0.204,1,0.334,1
163,32,"(8, 8)","(2, 2)",16,"(8, 8)","(5, 5)",0.99634,1.35446,0.68931,0,0.253,1,0.092,0
164,48,"(2, 2)","(2, 2)",24,"(2, 2)","(5, 5)",0.95585,0.24458,0.90674,1,0.494,1,0.468,0
165,48,"(2, 2)","(2, 2)",24,"(5, 5)","(5, 5)",0.97985,0.16296,0.9407,0,0.254,1,0.091,0
166,48,"(2, 2)","(2, 2)",24,"(8, 8)","(5, 5)",0.94713,0.31993,0.85302,1,0.293,0,0.013,1
167,48,"(5, 5)","(2, 2)",24,"(2, 2)","(5, 5)",0.99359,0.09191,0.9701,1,0.038,0,0.472,1
168,48,"(5, 5)","(2, 2)",24,"(5, 5)","(5, 5)",0.97617,0.148,0.95134,1,0.092,0,0.255,0
169,48,"(5, 5)","(2, 2)",24,"(8, 8)","(5, 5)",0.99176,0.07926,0.96807,0,0.174,1,0.336,0
170,48,"(8, 8)","(2, 2)",24,"(2, 2)","(5, 5)",0.99267,0.07241,0.98074,0,0.069,0,0.43,1
171,48,"(8, 8)","(2, 2)",24,"(5, 5)","(5, 5)",0.99084,0.03589,0.9924,0,0.054,0,0.135,0
172,48,"(8, 8)","(2, 2)",24,"(8, 8)","(5, 5)",0.99267,0.07947,0.97111,1,0.263,1,0.419,0
173,64,"(2, 2)","(2, 2)",32,"(2, 2)","(5, 5)",0.95682,0.18545,0.92803,1,0.362,1,0.128,0
174,64,"(2, 2)","(2, 2)",32,"(5, 5)","(5, 5)",0.98809,0.07233,0.97212,1,0.175,1,0.465,1
175,64,"(2, 2)","(2, 2)",32,"(8, 8)","(5, 5)",0.98443,0.0819,0.96756,1,0.415,1,0.176,1
176,64,"(5, 5)","(2, 2)",32,"(2, 2)","(5, 5)",0.99359,0.10441,0.96756,1,0.342,0,0.009,1
177,64,"(5, 5)","(2, 2)",32,"(5, 5)","(5, 5)",0.96422,0.37281,0.8221,1,0.116,0,0.441,1
178,64,"(5, 5)","(2, 2)",32,"(8, 8)","(5, 5)",0.98534,0.04451,0.98733,0,0.206,1,0.375,0
179,64,"(8, 8)","(2, 2)",32,"(2, 2)","(5, 5)",0.9872,0.20608,0.93056,1,0.091,1,0.122,0
180,64,"(8, 8)","(2, 2)",32,"(5, 5)","(5, 5)",0.99725,0.02651,0.99138,0,0.046,0,0.054,1
181,64,"(8, 8)","(2, 2)",32,"(8, 8)","(5, 5)",0.92572,0.70703,0.73594,1,0.387,0,0.366,1
182,16,"(2, 2)","(3, 3)",8,"(2, 2)","(3, 3)",0.96066,0.1125,0.95692,1,0.243,1,0.333,1
183,16,"(2, 2)","(3, 3)",8,"(5, 5)","(3, 3)",0.96789,0.12534,0.95743,0,0.489,0,0.343,1
184,16,"(2, 2)","(3, 3)",8,"(8, 8)","(3, 3)",0.96983,0.11603,0.96047,0,0.147,0,0.338,1
185,16,"(5, 5)","(3, 3)",8,"(2, 2)","(3, 3)",0.96612,0.08076,0.97162,0,0.45,0,0.383,0
186,16,"(5, 5)","(3, 3)",8,"(5, 5)","(3, 3)",0.96719,0.32641,0.87025,0,0.224,1,0.17,0
187,16,"(5, 5)","(3, 3)",8,"(8, 8)","(3, 3)",0.98077,0.05356,0.98632,0,0.253,1,0.366,1
188,16,"(8, 8)","(3, 3)",8,"(2, 2)","(3, 3)",0.97249,0.16897,0.9483,1,0.44,0,0.026,1
189,16,"(8, 8)","(3, 3)",8,"(5, 5)","(3, 3)",0.97992,0.22365,0.90725,1,0.479,1,0.003,1
190,16,"(8, 8)","(3, 3)",8,"(8, 8)","(3, 3)",0.98447,0.35327,0.87481,1,0.149,1,0.221,1
191,24,"(2, 2)","(3, 3)",12,"(2, 2)","(3, 3)",0.96513,0.31133,0.88697,1,0.251,1,0.193,0
192,24,"(2, 2)","(3, 3)",12,"(5, 5)","(3, 3)",0.96641,0.27846,0.87126,1,0.097,1,0.17,1
193,24,"(2, 2)","(3, 3)",12,"(8, 8)","(3, 3)",0.98351,0.0974,0.96097,0,0.223,1,0.261,1
194,24,"(5, 5)","(3, 3)",12,"(2, 2)","(3, 3)",0.98626,0.22317,0.93512,1,0.006,0,0.213,1
195,24,"(5, 5)","(3, 3)",12,"(5, 5)","(3, 3)",0.99176,0.4303,0.89154,0,0.483,0,0.235,1
196,24,"(5, 5)","(3, 3)",12,"(8, 8)","(3, 3)",0.91926,0.30093,0.90522,1,0.322,0,0.445,0
197,24,"(8, 8)","(3, 3)",12,"(2, 2)","(3, 3)",0.95149,1.55014,0.66853,1,0.058,1,0.401,0
198,24,"(8, 8)","(3, 3)",12,"(5, 5)","(3, 3)",0.94854,0.14691,0.9336,1,0.437,0,0.135,1
199,24,"(8, 8)","(3, 3)",12,"(8, 8)","(3, 3)",0.9405,1.33034,0.73036,1,0.398,1,0.358,0
200,32,"(2, 2)","(3, 3)",16,"(2, 2)","(3, 3)",0.92907,1.38037,0.72935,1,0.399,0,0.008,0
201,32,"(2, 2)","(3, 3)",16,"(5, 5)","(3, 3)",0.95712,0.1768,0.93512,1,0.282,1,0.049,1
202,32,"(2, 2)","(3, 3)",16,"(8, 8)","(3, 3)",0.98081,0.18015,0.92448,1,0.093,1,0.381,0
203,32,"(5, 5)","(3, 3)",16,"(2, 2)","(3, 3)",0.9826,0.44979,0.89255,0,0.321,0,0.394,0
204,32,"(5, 5)","(3, 3)",16,"(5, 5)","(3, 3)",0.95146,0.57278,0.74658,1,0.155,1,0.294,1
205,32,"(5, 5)","(3, 3)",16,"(8, 8)","(3, 3)",0.99176,0.45511,0.83781,0,0.273,1,0.191,0
206,32,"(8, 8)","(3, 3)",16,"(2, 2)","(3, 3)",0.99359,0.11145,0.96249,0,0.134,0,0.28,1
207,32,"(8, 8)","(3, 3)",16,"(5, 5)","(3, 3)",0.99359,0.40987,0.83224,1,0.387,0,0.149,1
208,32,"(8, 8)","(3, 3)",16,"(8, 8)","(3, 3)",0.99817,0.02175,0.99189,0,0.347,0,0.126,0
209,48,"(2, 2)","(3, 3)",24,"(2, 2)","(3, 3)",0.97807,0.08991,0.97111,0,0.372,0,0.342,0
210,48,"(2, 2)","(3, 3)",24,"(5, 5)","(3, 3)",0.98902,0.12791,0.95185,0,0.104,0,0.328,1
211,48,"(2, 2)","(3, 3)",24,"(8, 8)","(3, 3)",0.98358,0.09781,0.96401,0,0.049,0,0.267,1
212,48,"(5, 5)","(3, 3)",24,"(2, 2)","(3, 3)",0.9872,0.12453,0.9559,1,0.282,1,0.251,0
213,48,"(5, 5)","(3, 3)",24,"(5, 5)","(3, 3)",0.99084,0.24004,0.91282,0,0.091,1,0.068,1
214,48,"(5, 5)","(3, 3)",24,"(8, 8)","(3, 3)",0.98906,0.07914,0.96553,1,0.294,0,0.311,0
215,48,"(8, 8)","(3, 3)",24,"(2, 2)","(3, 3)",0.99542,0.33373,0.91232,0,0.089,1,0.046,1
216,48,"(8, 8)","(3, 3)",24,"(5, 5)","(3, 3)",0.99908,0.03164,0.98834,0,0.142,1,0.173,1
217,48,"(8, 8)","(3, 3)",24,"(8, 8)","(3, 3)",0.88859,1.88154,0.62848,1,0.258,1,0.159,0
218,64,"(2, 2)","(3, 3)",32,"(2, 2)","(3, 3)",0.979,0.14021,0.94932,0,0.383,0,0.026,1
219,64,"(2, 2)","(3, 3)",32,"(5, 5)","(3, 3)",0.96419,0.70733,0.83274,1,0.32,0,0.457,1
220,64,"(2, 2)","(3, 3)",32,"(8, 8)","(3, 3)",0.94397,0.23433,0.926,0,0.488,1,0.347,0
221,64,"(5, 5)","(3, 3)",32,"(2, 2)","(3, 3)",0.96795,0.24761,0.91282,1,0.172,1,0.268,0
222,64,"(5, 5)","(3, 3)",32,"(5, 5)","(3, 3)",0.95596,5.31425,0.44703,1,0.156,1,0.05,0
223,64,"(5, 5)","(3, 3)",32,"(8, 8)","(3, 3)",0.99817,0.03465,0.98885,1,0.079,0,0.118,1
224,64,"(8, 8)","(3, 3)",32,"(2, 2)","(3, 3)",0.95987,3.72981,0.51647,1,0.397,1,0.434,0
225,64,"(8, 8)","(3, 3)",32,"(5, 5)","(3, 3)",0.99725,0.04629,0.98581,0,0.077,1,0.192,0
226,64,"(8, 8)","(3, 3)",32,"(8, 8)","(3, 3)",0.99634,0.03601,0.99645,0,0.103,0,0.406,0
227,16,"(2, 2)","(3, 3)",8,"(2, 2)","(4, 4)",0.94859,0.13083,0.94627,1,0.261,0,0.431,0
228,16,"(2, 2)","(3, 3)",8,"(5, 5)","(4, 4)",0.96251,0.11981,0.9559,1,0.259,0,0.352,1
229,16,"(2, 2)","(3, 3)",8,"(8, 8)","(4, 4)",0.97897,0.22376,0.92549,1,0.316,0,0.014,0
230,16,"(5, 5)","(3, 3)",8,"(2, 2)","(4, 4)",0.96785,0.10075,0.963,1,0.498,1,0.196,1
231,16,"(5, 5)","(3, 3)",8,"(5, 5)","(4, 4)",0.98168,0.10041,0.96452,0,0.031,1,0.22,1
232,16,"(5, 5)","(3, 3)",8,"(8, 8)","(4, 4)",0.97253,0.10983,0.96199,0,0.174,0,0.124,1
233,16,"(8, 8)","(3, 3)",8,"(2, 2)","(4, 4)",0.96884,0.22989,0.91536,0,0.102,1,0.071,0
234,16,"(8, 8)","(3, 3)",8,"(5, 5)","(4, 4)",0.98352,0.52026,0.85251,0,0.354,0,0.094,1
235,16,"(8, 8)","(3, 3)",8,"(8, 8)","(4, 4)",0.99634,0.03227,0.98581,1,0.292,1,0.427,1
236,24,"(2, 2)","(3, 3)",12,"(2, 2)","(4, 4)",0.95155,0.34205,0.87937,1,0.404,0,0.476,1
237,24,"(2, 2)","(3, 3)",12,"(5, 5)","(4, 4)",0.9635,0.14847,0.95134,0,0.086,0,0.064,1
238,24,"(2, 2)","(3, 3)",12,"(8, 8)","(4, 4)",0.99452,0.06069,0.98378,0,0.154,1,0.118,1
239,24,"(5, 5)","(3, 3)",12,"(2, 2)","(4, 4)",0.9881,0.1232,0.95996,0,0.163,0,0.23,1
240,24,"(5, 5)","(3, 3)",12,"(5, 5)","(4, 4)",0.97894,0.09212,0.96807,0,0.347,0,0.185,1
241,24,"(5, 5)","(3, 3)",12,"(8, 8)","(4, 4)",0.99176,0.0519,0.98479,0,0.042,0,0.306,1
242,24,"(8, 8)","(3, 3)",12,"(2, 2)","(4, 4)",0.97624,0.18076,0.94019,1,0.111,0,0.282,0
243,24,"(8, 8)","(3, 3)",12,"(5, 5)","(4, 4)",0.97517,0.07192,0.97719,1,0.347,0,0.422,0
244,24,"(8, 8)","(3, 3)",12,"(8, 8)","(4, 4)",0.97068,0.27182,0.89458,0,0.079,1,0.04,1
245,32,"(2, 2)","(3, 3)",16,"(2, 2)","(4, 4)",0.95985,0.40943,0.83376,1,0.383,1,0.209,1
246,32,"(2, 2)","(3, 3)",16,"(5, 5)","(4, 4)",0.92657,1.55584,0.60922,1,0.044,1,0.348,1
247,32,"(2, 2)","(3, 3)",16,"(8, 8)","(4, 4)",0.97249,0.67587,0.78003,0,0.142,1,0.188,0
248,32,"(5, 5)","(3, 3)",16,"(2, 2)","(4, 4)",0.98993,0.07761,0.97263,0,0.241,1,0.277,1
249,32,"(5, 5)","(3, 3)",16,"(5, 5)","(4, 4)",0.98535,0.04609,0.98834,0,0.007,0,0.282,0
250,32,"(5, 5)","(3, 3)",16,"(8, 8)","(4, 4)",0.99634,0.12255,0.97111,1,0.374,1,0.138,1
251,32,"(8, 8)","(3, 3)",16,"(2, 2)","(4, 4)",0.93812,1.67214,0.66548,1,0.241,0,0.481,0
252,32,"(8, 8)","(3, 3)",16,"(5, 5)","(4, 4)",0.98255,0.08646,0.96401,1,0.1,0,0.452,1
253,32,"(8, 8)","(3, 3)",16,"(8, 8)","(4, 4)",0.99542,0.03195,0.98784,0,0.33,1,0.266,1
254,48,"(2, 2)","(3, 3)",24,"(2, 2)","(4, 4)",0.96587,0.19658,0.91485,0,0.12,0,0.037,1
255,48,"(2, 2)","(3, 3)",24,"(5, 5)","(4, 4)",0.978,0.09533,0.97111,0,0.413,0,0.428,0
256,48,"(2, 2)","(3, 3)",24,"(8, 8)","(4, 4)",0.96532,0.4581,0.86417,0,0.019,1,0.439,1
257,48,"(5, 5)","(3, 3)",24,"(2, 2)","(4, 4)",0.98718,0.23098,0.88495,0,0.231,1,0.308,0
258,48,"(5, 5)","(3, 3)",24,"(5, 5)","(4, 4)",0.98076,0.11209,0.96047,0,0.385,0,0.442,0
259,48,"(5, 5)","(3, 3)",24,"(8, 8)","(4, 4)",0.99542,0.22982,0.92955,1,0.095,0,0.426,1
260,48,"(8, 8)","(3, 3)",24,"(2, 2)","(4, 4)",0.98262,0.7016,0.7998,1,0.339,1,0.434,1
261,48,"(8, 8)","(3, 3)",24,"(5, 5)","(4, 4)",0.99176,8.45353,0.33705,1,0.119,1,0.264,0
262,48,"(8, 8)","(3, 3)",24,"(8, 8)","(4, 4)",1.0,0.01604,0.99392,0,0.142,1,0.418,1
263,64,"(2, 2)","(3, 3)",32,"(2, 2)","(4, 4)",0.96701,0.74415,0.73391,1,0.473,1,0.489,0
264,64,"(2, 2)","(3, 3)",32,"(5, 5)","(4, 4)",0.96699,0.12043,0.95236,0,0.116,1,0.358,1
265,64,"(2, 2)","(3, 3)",32,"(8, 8)","(4, 4)",0.98809,0.11802,0.97263,0,0.164,0,0.459,0
266,64,"(5, 5)","(3, 3)",32,"(2, 2)","(4, 4)",0.989,0.60128,0.81956,1,0.428,1,0.035,0
267,64,"(5, 5)","(3, 3)",32,"(5, 5)","(4, 4)",0.98445,0.03525,0.99088,0,0.052,0,0.467,0
268,64,"(5, 5)","(3, 3)",32,"(8, 8)","(4, 4)",0.99451,0.21813,0.8961,0,0.054,1,0.374,0
269,64,"(8, 8)","(3, 3)",32,"(2, 2)","(4, 4)",0.92231,0.2885,0.88748,0,0.481,1,0.305,1
270,64,"(8, 8)","(3, 3)",32,"(5, 5)","(4, 4)",0.99084,0.14016,0.95236,0,0.265,1,0.266,1
271,64,"(8, 8)","(3, 3)",32,"(8, 8)","(4, 4)",0.91223,0.44624,0.80943,1,0.136,1,0.455,1
272,16,"(2, 2)","(3, 3)",8,"(2, 2)","(5, 5)",0.93945,0.18015,0.92803,1,0.309,0,0.221,1
273,16,"(2, 2)","(3, 3)",8,"(5, 5)","(5, 5)",0.96341,1.37788,0.66954,1,0.065,1,0.421,1
274,16,"(2, 2)","(3, 3)",8,"(8, 8)","(5, 5)",0.93258,1.1447,0.65636,1,0.243,0,0.08,1
275,16,"(5, 5)","(3, 3)",8,"(2, 2)","(5, 5)",0.95691,0.16338,0.9336,0,0.453,1,0.331,1
276,16,"(5, 5)","(3, 3)",8,"(5, 5)","(5, 5)",0.95517,0.86256,0.76432,0,0.325,1,0.343,1
277,16,"(5, 5)","(3, 3)",8,"(8, 8)","(5, 5)",0.9817,0.19203,0.93107,0,0.12,0,0.329,1
278,16,"(8, 8)","(3, 3)",8,"(2, 2)","(5, 5)",0.96521,0.39296,0.85606,0,0.255,1,0.452,1
279,16,"(8, 8)","(3, 3)",8,"(5, 5)","(5, 5)",0.94277,0.32097,0.84288,1,0.121,1,0.465,0
280,16,"(8, 8)","(3, 3)",8,"(8, 8)","(5, 5)",0.96048,0.27742,0.88545,1,0.341,1,0.135,0
281,24,"(2, 2)","(3, 3)",12,"(2, 2)","(5, 5)",0.93315,0.2332,0.89965,0,0.142,0,0.334,0
282,24,"(2, 2)","(3, 3)",12,"(5, 5)","(5, 5)",0.96977,0.43977,0.85758,1,0.4,0,0.156,1
283,24,"(2, 2)","(3, 3)",12,"(8, 8)","(5, 5)",0.88326,0.80224,0.69742,1,0.293,0,0.432,1
284,24,"(5, 5)","(3, 3)",12,"(2, 2)","(5, 5)",0.97527,0.06313,0.97871,0,0.408,0,0.278,0
285,24,"(5, 5)","(3, 3)",12,"(5, 5)","(5, 5)",0.97712,0.09272,0.9701,0,0.383,0,0.045,1
286,24,"(5, 5)","(3, 3)",12,"(8, 8)","(5, 5)",0.96621,0.3121,0.87025,1,0.27,0,0.371,1
287,24,"(8, 8)","(3, 3)",12,"(2, 2)","(5, 5)",0.98718,0.21508,0.92499,0,0.434,1,0.387,1
288,24,"(8, 8)","(3, 3)",12,"(5, 5)","(5, 5)",0.97619,0.1279,0.95185,0,0.317,1,0.072,1
289,24,"(8, 8)","(3, 3)",12,"(8, 8)","(5, 5)",0.97985,0.06862,0.97871,0,0.275,0,0.23,0
290,32,"(2, 2)","(3, 3)",16,"(2, 2)","(5, 5)",0.94184,0.1602,0.94475,1,0.173,0,0.061,0
291,32,"(2, 2)","(3, 3)",16,"(5, 5)","(5, 5)",0.97551,0.14299,0.94932,1,0.126,1,0.014,0
292,32,"(2, 2)","(3, 3)",16,"(8, 8)","(5, 5)",0.97709,0.13165,0.95185,0,0.062,1,0.053,1
293,32,"(5, 5)","(3, 3)",16,"(2, 2)","(5, 5)",0.96333,0.11956,0.94982,1,0.119,1,0.198,0
294,32,"(5, 5)","(3, 3)",16,"(5, 5)","(5, 5)",0.98718,0.04247,0.98479,0,0.071,0,0.239,0
295,32,"(5, 5)","(3, 3)",16,"(8, 8)","(5, 5)",0.99817,0.05572,0.98125,1,0.302,1,0.132,1
296,32,"(8, 8)","(3, 3)",16,"(2, 2)","(5, 5)",0.98903,0.09459,0.96199,0,0.178,1,0.061,1
297,32,"(8, 8)","(3, 3)",16,"(5, 5)","(5, 5)",0.98901,0.09586,0.96199,0,0.143,1,0.026,0
298,32,"(8, 8)","(3, 3)",16,"(8, 8)","(5, 5)",0.99178,0.0308,0.98986,0,0.1,0,0.146,0
299,48,"(2, 2)","(3, 3)",24,"(2, 2)","(5, 5)",0.9542,0.18097,0.93107,0,0.124,0,0.139,0
300,48,"(2, 2)","(3, 3)",24,"(5, 5)","(5, 5)",0.95487,0.74525,0.76533,0,0.275,0,0.239,1
301,48,"(2, 2)","(3, 3)",24,"(8, 8)","(5, 5)",0.97065,1.94088,0.39027,1,0.392,1,0.109,1
302,48,"(5, 5)","(3, 3)",24,"(2, 2)","(5, 5)",0.99176,0.06049,0.98277,0,0.134,0,0.258,0
303,48,"(5, 5)","(3, 3)",24,"(5, 5)","(5, 5)",0.99268,0.05518,0.98023,0,0.484,1,0.061,0
304,48,"(5, 5)","(3, 3)",24,"(8, 8)","(5, 5)",0.99451,0.01119,0.99696,0,0.005,0,0.396,0
305,48,"(8, 8)","(3, 3)",24,"(2, 2)","(5, 5)",0.98533,0.32382,0.87886,0,0.377,1,0.358,0
306,48,"(8, 8)","(3, 3)",24,"(5, 5)","(5, 5)",0.99452,0.11858,0.95489,0,0.416,0,0.371,1
307,48,"(8, 8)","(3, 3)",24,"(8, 8)","(5, 5)",0.80288,0.89283,0.79422,1,0.317,1,0.318,0
308,64,"(2, 2)","(3, 3)",32,"(2, 2)","(5, 5)",0.95173,0.55337,0.852,1,0.308,0,0.472,0
309,64,"(2, 2)","(3, 3)",32,"(5, 5)","(5, 5)",0.98627,0.0665,0.97263,0,0.47,1,0.201,0
310,64,"(2, 2)","(3, 3)",32,"(8, 8)","(5, 5)",0.97441,0.12475,0.9554,0,0.407,0,0.147,0
311,64,"(5, 5)","(3, 3)",32,"(2, 2)","(5, 5)",0.99267,0.04784,0.98378,0,0.142,0,0.414,0
312,64,"(5, 5)","(3, 3)",32,"(5, 5)","(5, 5)",0.99359,0.03981,0.98682,0,0.467,0,0.153,0
313,64,"(5, 5)","(3, 3)",32,"(8, 8)","(5, 5)",0.99176,0.1099,0.963,1,0.192,1,0.261,1
314,64,"(8, 8)","(3, 3)",32,"(2, 2)","(5, 5)",0.9276,0.89758,0.69944,1,0.473,1,0.129,1
315,64,"(8, 8)","(3, 3)",32,"(5, 5)","(5, 5)",0.97248,0.22926,0.91181,1,0.108,0,0.439,0
316,64,"(8, 8)","(3, 3)",32,"(8, 8)","(5, 5)",0.97165,2.14805,0.67258,0,0.066,1,0.436,0
317,16,"(2, 2)","(4, 4)",8,"(2, 2)","(4, 4)",0.94394,0.16611,0.93614,1,0.496,1,0.249,1
318,16,"(2, 2)","(4, 4)",8,"(5, 5)","(4, 4)",0.94599,0.29881,0.85504,0,0.425,0,0.033,1
319,16,"(2, 2)","(4, 4)",8,"(8, 8)","(4, 4)",0.94216,0.20348,0.92144,1,0.038,1,0.236,0
320,16,"(5, 5)","(4, 4)",8,"(2, 2)","(4, 4)",0.96609,0.15194,0.94982,1,0.189,1,0.164,1
321,16,"(5, 5)","(4, 4)",8,"(5, 5)","(4, 4)",0.96818,0.24728,0.90978,1,0.475,0,0.342,1
322,16,"(5, 5)","(4, 4)",8,"(8, 8)","(4, 4)",0.98352,0.10738,0.97314,0,0.149,0,0.087,0
323,16,"(8, 8)","(4, 4)",8,"(2, 2)","(4, 4)",0.94426,1.2,0.61024,1,0.292,1,0.424,1
324,16,"(8, 8)","(4, 4)",8,"(5, 5)","(4, 4)",0.97347,0.07376,0.97314,0,0.391,0,0.438,1
325,24,"(2, 2)","(4, 4)",12,"(2, 2)","(4, 4)",0.9372,0.18159,0.92448,0,0.209,0,0.412,1
326,24,"(2, 2)","(4, 4)",12,"(5, 5)","(4, 4)",0.94678,0.16732,0.9336,0,0.37,1,0.311,1
327,24,"(2, 2)","(4, 4)",12,"(8, 8)","(4, 4)",0.94821,1.48082,0.77395,1,0.238,0,0.284,0
328,24,"(5, 5)","(4, 4)",12,"(2, 2)","(4, 4)",0.96427,0.15062,0.93766,0,0.285,1,0.126,1
329,24,"(5, 5)","(4, 4)",12,"(5, 5)","(4, 4)",0.99267,0.0339,0.99138,1,0.12,0,0.241,1
330,24,"(5, 5)","(4, 4)",12,"(8, 8)","(4, 4)",0.99634,0.01982,0.99544,0,0.014,0,0.372,1
331,24,"(8, 8)","(4, 4)",12,"(2, 2)","(4, 4)",0.97433,0.09249,0.97111,0,0.447,1,0.275,1
332,24,"(8, 8)","(4, 4)",12,"(5, 5)","(4, 4)",0.98625,0.23468,0.93512,0,0.327,1,0.04,0
333,32,"(2, 2)","(4, 4)",16,"(2, 2)","(4, 4)",0.92691,0.20301,0.91232,0,0.251,1,0.007,0
334,32,"(2, 2)","(4, 4)",16,"(5, 5)","(4, 4)",0.91903,1.21024,0.60568,1,0.037,1,0.409,1
335,32,"(2, 2)","(4, 4)",16,"(8, 8)","(4, 4)",0.98438,1.77733,0.65636,0,0.281,1,0.152,0
336,32,"(5, 5)","(4, 4)",16,"(2, 2)","(4, 4)",0.95696,0.70609,0.85048,1,0.073,0,0.483,0
337,32,"(5, 5)","(4, 4)",16,"(5, 5)","(4, 4)",0.96513,3.59779,0.4739,1,0.293,1,0.339,1
338,32,"(5, 5)","(4, 4)",16,"(8, 8)","(4, 4)",0.98533,0.07643,0.97618,0,0.092,0,0.385,1
339,32,"(8, 8)","(4, 4)",16,"(2, 2)","(4, 4)",0.98355,0.27561,0.87633,1,0.255,0,0.023,1
340,32,"(8, 8)","(4, 4)",16,"(5, 5)","(4, 4)",0.98901,0.12232,0.95641,0,0.341,0,0.415,1
341,48,"(2, 2)","(4, 4)",24,"(2, 2)","(4, 4)",0.93744,0.21581,0.89711,0,0.228,0,0.275,1
342,48,"(2, 2)","(4, 4)",24,"(5, 5)","(4, 4)",0.88951,0.72428,0.70705,1,0.479,1,0.1,0
343,48,"(2, 2)","(4, 4)",24,"(8, 8)","(4, 4)",0.93961,0.50255,0.85808,0,0.113,1,0.017,0
344,48,"(5, 5)","(4, 4)",24,"(2, 2)","(4, 4)",0.97615,0.13433,0.9554,0,0.203,0,0.147,0
345,48,"(5, 5)","(4, 4)",24,"(5, 5)","(4, 4)",0.89568,0.53989,0.87177,1,0.289,0,0.02,1
346,48,"(5, 5)","(4, 4)",24,"(8, 8)","(4, 4)",0.96421,0.32223,0.87126,1,0.206,0,0.199,1
347,48,"(8, 8)","(4, 4)",24,"(2, 2)","(4, 4)",0.99359,0.09835,0.96249,1,0.25,1,0.49,1
348,48,"(8, 8)","(4, 4)",24,"(5, 5)","(4, 4)",0.94116,1.79261,0.49366,1,0.268,1,0.229,1
349,64,"(2, 2)","(4, 4)",32,"(2, 2)","(4, 4)",0.96332,0.1286,0.94881,1,0.294,1,0.113,0
350,64,"(2, 2)","(4, 4)",32,"(5, 5)","(4, 4)",0.97716,0.0962,0.97111,0,0.029,0,0.427,1
351,64,"(2, 2)","(4, 4)",32,"(8, 8)","(4, 4)",0.98262,0.14827,0.94425,1,0.087,0,0.217,1
352,64,"(5, 5)","(4, 4)",32,"(2, 2)","(4, 4)",0.96134,0.62183,0.86518,1,0.488,0,0.493,0
353,64,"(5, 5)","(4, 4)",32,"(5, 5)","(4, 4)",0.99542,0.19717,0.93614,1,0.432,0,0.018,0
354,64,"(5, 5)","(4, 4)",32,"(8, 8)","(4, 4)",0.99908,0.16251,0.93969,1,0.41,1,0.269,1
355,64,"(8, 8)","(4, 4)",32,"(2, 2)","(4, 4)",0.98992,0.03626,0.98632,0,0.177,0,0.27,0
356,64,"(8, 8)","(4, 4)",32,"(5, 5)","(4, 4)",0.96794,0.15716,0.92651,0,0.439,1,0.07,0
357,16,"(2, 2)","(4, 4)",8,"(2, 2)","(5, 5)",0.93571,0.24173,0.90826,1,0.308,0,0.474,0
358,16,"(2, 2)","(4, 4)",8,"(5, 5)","(5, 5)",0.91423,0.32528,0.85099,1,0.337,0,0.16,0
359,16,"(5, 5)","(4, 4)",8,"(2, 2)","(5, 5)",0.94061,0.16,0.94171,1,0.072,1,0.291,0
360,16,"(5, 5)","(4, 4)",8,"(5, 5)","(5, 5)",0.96432,0.13969,0.95236,0,0.096,0,0.413,1
361,16,"(8, 8)","(4, 4)",8,"(2, 2)","(5, 5)",0.94729,0.13645,0.93867,1,0.314,0,0.212,0
362,16,"(8, 8)","(4, 4)",8,"(5, 5)","(5, 5)",0.98351,0.08314,0.96452,1,0.158,1,0.147,1
363,24,"(2, 2)","(4, 4)",12,"(2, 2)","(5, 5)",0.9279,0.17085,0.92854,0,0.335,0,0.189,1
364,24,"(2, 2)","(4, 4)",12,"(5, 5)","(5, 5)",0.9314,0.22804,0.90826,1,0.077,0,0.08,0
365,24,"(5, 5)","(4, 4)",12,"(2, 2)","(5, 5)",0.96977,0.20498,0.92701,1,0.057,1,0.403,1
366,24,"(5, 5)","(4, 4)",12,"(5, 5)","(5, 5)",0.88174,0.30409,0.8814,1,0.093,0,0.354,0
367,24,"(8, 8)","(4, 4)",12,"(2, 2)","(5, 5)",0.99176,0.04337,0.98429,1,0.002,0,0.361,0
368,24,"(8, 8)","(4, 4)",12,"(5, 5)","(5, 5)",0.92393,0.24659,0.91738,1,0.158,0,0.12,1
369,32,"(2, 2)","(4, 4)",16,"(2, 2)","(5, 5)",0.95892,0.12682,0.95236,0,0.261,0,0.396,0
370,32,"(2, 2)","(4, 4)",16,"(5, 5)","(5, 5)",0.97987,0.10605,0.97466,0,0.459,0,0.039,0
371,32,"(5, 5)","(4, 4)",16,"(2, 2)","(5, 5)",0.95322,0.17513,0.93969,0,0.141,1,0.281,1
372,32,"(5, 5)","(4, 4)",16,"(5, 5)","(5, 5)",0.98626,1.14851,0.71161,0,0.304,1,0.469,1
373,32,"(8, 8)","(4, 4)",16,"(2, 2)","(5, 5)",0.98352,0.40476,0.8743,1,0.062,1,0.263,1
374,32,"(8, 8)","(4, 4)",16,"(5, 5)","(5, 5)",0.99176,0.08135,0.96503,1,0.213,0,0.372,1
375,48,"(2, 2)","(4, 4)",24,"(2, 2)","(5, 5)",0.96619,0.11133,0.95489,0,0.027,0,0.195,0
376,48,"(2, 2)","(4, 4)",24,"(5, 5)","(5, 5)",0.94584,0.3151,0.89306,0,0.133,1,0.489,0
377,48,"(5, 5)","(4, 4)",24,"(2, 2)","(5, 5)",0.92443,0.20289,0.91536,0,0.401,1,0.108,1
378,48,"(5, 5)","(4, 4)",24,"(5, 5)","(5, 5)",0.97252,0.90366,0.85251,1,0.014,0,0.407,0
379,48,"(8, 8)","(4, 4)",24,"(2, 2)","(5, 5)",0.9724,0.28996,0.90421,1,0.389,0,0.069,1
380,48,"(8, 8)","(4, 4)",24,"(5, 5)","(5, 5)",0.97521,0.71974,0.80993,0,0.048,1,0.142,1
381,64,"(2, 2)","(4, 4)",32,"(2, 2)","(5, 5)",0.90539,0.36188,0.84339,1,0.014,0,0.486,0
382,64,"(2, 2)","(4, 4)",32,"(5, 5)","(5, 5)",0.94072,0.15359,0.94019,0,0.285,1,0.033,1
383,64,"(5, 5)","(4, 4)",32,"(2, 2)","(5, 5)",0.94107,0.39412,0.84947,1,0.173,0,0.452,1
384,64,"(5, 5)","(4, 4)",32,"(5, 5)","(5, 5)",0.96162,2.12214,0.66143,1,0.102,1,0.493,1
385,64,"(8, 8)","(4, 4)",32,"(2, 2)","(5, 5)",0.93436,0.20653,0.91029,0,0.153,1,0.494,1
386,64,"(8, 8)","(4, 4)",32,"(5, 5)","(5, 5)",0.98163,0.10828,0.96655,0,0.238,1,0.205,0
387,16,"(2, 2)","(5, 5)",8,"(2, 2)","(5, 5)",0.90861,0.24849,0.91384,1,0.251,0,0.394,1
388,16,"(2, 2)","(5, 5)",8,"(5, 5)","(5, 5)",0.94779,0.18554,0.92499,0,0.413,0,0.018,0
389,16,"(5, 5)","(5, 5)",8,"(2, 2)","(5, 5)",0.93744,0.16632,0.9336,1,0.184,0,0.09,1
390,16,"(8, 8)","(5, 5)",8,"(2, 2)","(5, 5)",0.9154,0.25887,0.89965,1,0.059,0,0.019,0
391,24,"(2, 2)","(5, 5)",12,"(2, 2)","(5, 5)",0.9096,0.23496,0.90928,0,0.222,1,0.079,0
392,24,"(2, 2)","(5, 5)",12,"(5, 5)","(5, 5)",0.95139,0.13078,0.95489,1,0.115,1,0.173,1
393,24,"(5, 5)","(5, 5)",12,"(2, 2)","(5, 5)",0.95869,0.11191,0.95996,1,0.445,1,0.25,0
394,24,"(8, 8)","(5, 5)",12,"(2, 2)","(5, 5)",0.95865,0.1654,0.93056,0,0.369,1,0.347,0
395,32,"(2, 2)","(5, 5)",16,"(2, 2)","(5, 5)",0.88263,0.29003,0.88191,1,0.15,1,0.118,0
396,32,"(2, 2)","(5, 5)",16,"(5, 5)","(5, 5)",0.96701,0.44181,0.87836,0,0.199,1,0.191,0
397,32,"(5, 5)","(5, 5)",16,"(2, 2)","(5, 5)",0.97258,0.10977,0.96756,0,0.21,0,0.164,0
398,32,"(8, 8)","(5, 5)",16,"(2, 2)","(5, 5)",0.87858,0.78286,0.74911,0,0.03,0,0.06,1
399,48,"(2, 2)","(5, 5)",24,"(2, 2)","(5, 5)",0.90624,0.2749,0.89356,0,0.474,1,0.029,0
400,48,"(2, 2)","(5, 5)",24,"(5, 5)","(5, 5)",0.9826,0.10565,0.96351,0,0.477,1,0.252,0
401,48,"(5, 5)","(5, 5)",24,"(2, 2)","(5, 5)",0.97804,0.12257,0.95185,0,0.474,1,0.164,1
402,48,"(8, 8)","(5, 5)",24,"(2, 2)","(5, 5)",0.93879,0.27889,0.8966,1,0.385,1,0.052,0
403,64,"(2, 2)","(5, 5)",32,"(2, 2)","(5, 5)",0.94581,0.14312,0.94577,0,0.259,0,0.25,0
404,64,"(2, 2)","(5, 5)",32,"(5, 5)","(5, 5)",0.94586,0.43561,0.88191,0,0.266,1,0.085,0
405,64,"(5, 5)","(5, 5)",32,"(2, 2)","(5, 5)",0.92489,0.99202,0.69133,0,0.096,1,0.041,1
406,64,"(8, 8)","(5, 5)",32,"(2, 2)","(5, 5)",0.98993,1.17726,0.73239,0,0.359,1,0.202,1
